"Symbol  ","Series  ","Date  ","Prev Close  ","Open Price  ","High Price  ","Low Price  ","Last Price  ","Close Price  ","Average Price ","Total Traded Quantity  ","Turnover ₹  ","No. of Trades  "
"BALMLAWRIE","EQ","29-Apr-2026","181.42","182.30","197.94","182.30","184.01","184.85","191.50","16,59,817","31,78,52,170.23","17,161"
"BALMLAWRIE","EQ","28-Apr-2026","183.17","182.70","184.61","180.96","181.50","181.42","182.46","1,34,041","2,44,56,831.16","1,868"
"BALMLAWRIE","EQ","27-Apr-2026","180.51","183.00","184.09","180.67","182.70","183.17","182.53","1,90,013","3,46,82,733.79","3,015"
"BALMLAWRIE","EQ","24-Apr-2026","179.61","179.60","181.79","175.07","180.50","180.51","178.89","2,81,875","5,04,25,847.08","5,034"
"BALMLAWRIE","EQ","23-Apr-2026","178.45","177.70","183.55","176.99","179.65","179.61","181.08","3,40,783","6,17,07,496.69","5,116"
"BALMLAWRIE","EQ","22-Apr-2026","177.71","177.00","180.60","177.00","178.81","178.45","178.38","88,960","1,58,68,496.29","1,700"
"BALMLAWRIE","EQ","21-Apr-2026","177.06","177.90","179.50","177.00","178.40","177.71","178.29","1,27,892","2,28,01,407.19","2,010"
"BALMLAWRIE","EQ","20-Apr-2026","176.25","176.24","180.30","173.32","176.58","177.06","177.60","2,63,631","4,68,21,501.29","4,925"
"BALMLAWRIE","EQ","17-Apr-2026","173.49","173.80","178.20","172.95","176.45","176.25","175.88","2,57,046","4,52,09,604.24","4,728"
"BALMLAWRIE","EQ","16-Apr-2026","172.09","173.90","174.47","171.78","173.40","173.49","173.13","1,27,969","2,21,55,152.58","2,950"
"BALMLAWRIE","EQ","15-Apr-2026","168.12","170.10","172.72","169.51","172.28","172.09","171.73","1,36,622","2,34,62,174.56","2,791"
"BALMLAWRIE","EQ","13-Apr-2026","169.90","166.73","169.28","163.10","167.70","168.12","167.31","1,03,849","1,73,74,580.44","2,321"
"BALMLAWRIE","EQ","10-Apr-2026","167.25","169.00","170.50","167.50","169.00","169.90","169.35","1,82,741","3,09,46,805.69","2,416"
"BALMLAWRIE","EQ","09-Apr-2026","167.56","167.56","169.29","165.11","168.00","167.25","167.35","1,63,355","2,73,37,210.21","3,605"
"BALMLAWRIE","EQ","08-Apr-2026","160.83","165.00","168.35","163.71","167.99","167.56","166.04","2,14,677","3,56,45,755.94","3,990"
"BALMLAWRIE","EQ","07-Apr-2026","160.83","160.83","162.75","159.83","161.25","160.83","161.34","1,55,629","2,51,08,467.81","2,187"
"BALMLAWRIE","EQ","06-Apr-2026","159.23","159.23","162.00","156.72","161.35","160.83","159.23","1,67,633","2,66,92,598.55","2,630"
"BALMLAWRIE","EQ","02-Apr-2026","158.49","156.01","159.70","153.00","159.70","159.23","156.87","1,34,769","2,11,40,713.19","2,408"
"BALMLAWRIE","EQ","01-Apr-2026","149.08","157.10","160.55","153.17","158.85","158.49","157.71","2,19,798","3,46,65,333.17","3,146"
"BALMLAWRIE","EQ","30-Mar-2026","157.41","156.00","157.41","148.36","149.15","149.08","151.97","4,76,467","7,24,08,678.21","6,791"
"BALMLAWRIE","EQ","27-Mar-2026","162.16","161.89","161.89","156.92","157.73","157.41","158.34","2,92,167","4,62,60,972.32","4,005"
"BALMLAWRIE","EQ","25-Mar-2026","162.95","164.45","165.70","162.00","162.50","162.16","163.84","2,05,359","3,36,45,302.42","3,690"
"BALMLAWRIE","EQ","24-Mar-2026","157.64","159.98","165.45","159.98","162.59","162.95","163.42","2,99,001","4,88,63,376.37","4,482"
"BALMLAWRIE","EQ","23-Mar-2026","162.19","161.00","161.00","156.11","157.75","157.64","157.65","2,56,871","4,04,95,792.07","4,012"
"BALMLAWRIE","EQ","20-Mar-2026","162.17","162.98","165.00","161.80","162.35","162.19","163.19","1,33,771","2,18,29,422.81","2,386"
"BALMLAWRIE","EQ","19-Mar-2026","164.56","161.00","164.37","160.31","162.80","162.17","162.51","1,46,019","2,37,29,686.93","3,432"
"BALMLAWRIE","EQ","18-Mar-2026","160.69","161.97","165.99","161.18","164.80","164.56","164.52","2,23,265","3,67,31,555.15","4,080"
"BALMLAWRIE","EQ","17-Mar-2026","159.74","159.75","161.70","159.75","161.40","160.69","160.69","1,41,876","2,27,98,186.33","2,363"
"BALMLAWRIE","EQ","16-Mar-2026","165.13","165.00","165.36","158.40","160.39","159.74","160.64","3,21,286","5,16,11,623.70","5,261"
"BALMLAWRIE","EQ","13-Mar-2026","167.96","167.35","167.73","165.00","166.00","165.13","166.02","1,84,483","3,06,28,284.23","3,196"
"BALMLAWRIE","EQ","12-Mar-2026","171.17","170.00","170.44","166.10","167.86","167.96","167.54","2,91,884","4,89,03,254.94","4,550"
"BALMLAWRIE","EQ","11-Mar-2026","178.25","172.10","173.36","170.74","171.45","171.17","171.93","2,49,476","4,28,91,402.85","4,561"
"BALMLAWRIE","EQ","10-Mar-2026","174.83","176.00","179.00","175.10","179.00","178.25","177.21","4,84,256","8,58,16,857.11","4,730"
"BALMLAWRIE","EQ","09-Mar-2026","175.27","174.99","175.99","172.00","174.75","174.83","173.56","4,58,511","7,95,80,574.83","6,279"
"BALMLAWRIE","EQ","06-Mar-2026","173.45","174.26","177.00","174.01","175.50","175.27","175.60","2,49,650","4,38,38,614.35","3,419"
"BALMLAWRIE","EQ","05-Mar-2026","170.33","174.40","177.00","171.10","173.50","173.45","173.40","3,47,209","6,02,04,615.64","5,000"
"BALMLAWRIE","EQ","04-Mar-2026","177.04","176.50","177.04","169.51","170.33","170.33","171.80","2,46,076","4,22,75,558.86","5,779"
"BALMLAWRIE","EQ","02-Mar-2026","181.37","176.00","180.00","175.60","177.47","177.04","177.45","1,74,593","3,09,80,888.34","3,445"
"BALMLAWRIE","EQ","27-Feb-2026","180.81","180.10","182.30","179.80","181.49","181.37","181.42","1,10,426","2,00,33,530.17","2,294"
"BALMLAWRIE","EQ","26-Feb-2026","180.14","180.00","181.59","179.51","180.42","180.81","180.58","1,00,677","1,81,80,753.04","3,516"
"BALMLAWRIE","EQ","25-Feb-2026","180.34","180.05","181.29","179.51","179.85","180.14","180.18","84,288","1,51,86,821.43","2,795"
"BALMLAWRIE","EQ","24-Feb-2026","181.65","180.85","181.99","179.03","180.74","180.34","180.18","1,12,122","2,02,02,110.04","2,611"
"BALMLAWRIE","EQ","23-Feb-2026","180.43","182.00","184.40","180.82","181.75","181.65","182.46","1,42,260","2,59,56,488.57","2,808"
"BALMLAWRIE","EQ","20-Feb-2026","178.48","177.01","181.46","177.01","180.50","180.43","179.94","94,042","1,69,21,820.05","2,223"
"BALMLAWRIE","EQ","19-Feb-2026","180.54","181.50","182.70","177.20","177.20","178.48","180.33","1,38,616","2,49,96,002.48","2,733"
"BALMLAWRIE","EQ","18-Feb-2026","179.68","179.68","181.00","178.20","180.70","180.54","179.73","1,01,419","1,82,27,718.67","2,308"
"BALMLAWRIE","EQ","17-Feb-2026","176.25","175.00","181.00","175.00","179.00","179.68","179.43","1,01,551","1,82,21,662.66","2,243"
"BALMLAWRIE","EQ","16-Feb-2026","177.49","176.00","177.10","175.05","175.75","176.25","175.99","1,00,062","1,76,09,818.21","2,119"
"BALMLAWRIE","EQ","13-Feb-2026","179.23","177.50","178.85","175.00","178.00","177.49","176.56","97,579","1,72,28,511.04","1,977"
"BALMLAWRIE","EQ","12-Feb-2026","181.10","180.75","180.91","178.52","179.00","179.23","179.37","50,156","89,96,518.20","1,517"
"BALMLAWRIE","EQ","11-Feb-2026","183.07","182.92","183.82","180.45","180.75","181.10","181.33","81,571","1,47,91,554.08","1,479"
"BALMLAWRIE","EQ","10-Feb-2026","182.92","183.20","184.79","182.59","182.72","183.07","183.41","1,15,555","2,11,94,185.08","1,849"
"BALMLAWRIE","EQ","09-Feb-2026","180.31","181.25","184.90","178.00","182.78","182.92","182.22","2,31,055","4,21,03,019.66","5,140"
"BALMLAWRIE","EQ","06-Feb-2026","179.97","179.65","181.14","177.00","180.05","180.31","179.72","1,10,628","1,98,81,569.62","1,701"
"BALMLAWRIE","EQ","05-Feb-2026","181.31","180.60","183.59","177.60","180.00","179.97","180.25","1,94,693","3,50,93,971.14","4,092"
"BALMLAWRIE","EQ","04-Feb-2026","176.74","176.74","181.80","174.56","181.80","181.31","179.15","1,67,327","2,99,77,126.07","3,211"
"BALMLAWRIE","EQ","03-Feb-2026","174.64","178.00","179.01","174.10","176.70","176.74","176.49","1,32,078","2,33,10,365.28","3,687"
"BALMLAWRIE","EQ","02-Feb-2026","175.10","175.99","176.30","171.71","175.50","174.64","173.68","1,11,895","1,94,34,391.80","2,881"
"BALMLAWRIE","EQ","01-Feb-2026","172.13","171.30","179.07","171.30","174.50","175.10","176.16","2,63,985","4,65,03,308.13","3,504"
"BALMLAWRIE","EQ","30-Jan-2026","170.81","171.00","173.00","168.01","172.00","172.13","171.54","1,23,755","2,12,29,177.24","2,339"
"BALMLAWRIE","EQ","29-Jan-2026","168.02","168.00","171.28","167.01","170.61","170.81","169.23","91,849","1,55,43,388.66","2,084"
"BALMLAWRIE","EQ","28-Jan-2026","165.02","165.10","169.84","165.10","168.10","168.02","167.69","1,32,533","2,22,24,655.30","2,687"
"BALMLAWRIE","EQ","27-Jan-2026","167.01","166.10","168.04","164.01","165.00","165.02","165.32","1,92,795","3,18,72,616.59","3,213"
"BALMLAWRIE","EQ","23-Jan-2026","172.27","173.39","173.42","166.00","167.44","167.01","168.44","1,34,081","2,25,85,014.85","2,720"
"BALMLAWRIE","EQ","22-Jan-2026","166.72","167.08","173.89","167.08","173.40","172.27","170.59","1,00,876","1,72,08,726.18","2,624"
"BALMLAWRIE","EQ","21-Jan-2026","166.82","166.00","168.98","163.08","167.20","166.72","165.85","2,21,922","3,68,06,568.31","3,674"
"BALMLAWRIE","EQ","20-Jan-2026","171.87","171.00","172.03","166.00","166.80","166.82","168.74","1,76,272","2,97,43,452.11","3,419"
"BALMLAWRIE","EQ","19-Jan-2026","174.13","173.00","173.61","170.85","172.00","171.87","171.98","1,01,984","1,75,38,914.30","2,181"
"BALMLAWRIE","EQ","16-Jan-2026","173.89","174.00","175.84","173.30","173.75","174.13","174.63","73,417","1,28,20,619.24","1,451"
"BALMLAWRIE","EQ","14-Jan-2026","173.66","172.60","174.39","172.60","174.00","173.89","173.78","98,080","1,70,44,025.76","2,173"
"BALMLAWRIE","EQ","13-Jan-2026","176.45","177.40","177.67","172.86","173.90","173.66","174.88","1,49,456","2,61,36,922.28","3,604"
"BALMLAWRIE","EQ","12-Jan-2026","179.95","178.00","178.45","174.73","176.40","176.45","175.88","1,36,746","2,40,51,222.90","2,636"
"BALMLAWRIE","EQ","09-Jan-2026","178.69","177.66","182.90","176.00","181.25","179.95","178.53","1,91,263","3,41,46,843.45","4,316"
"BALMLAWRIE","EQ","08-Jan-2026","182.94","181.50","182.81","178.00","178.96","178.69","180.03","1,14,699","2,06,49,014.41","2,938"
"BALMLAWRIE","EQ","07-Jan-2026","183.75","183.55","184.04","181.42","182.80","182.94","182.55","79,434","1,45,00,750.51","2,166"
"BALMLAWRIE","EQ","06-Jan-2026","185.18","185.39","186.00","183.20","183.36","183.75","184.24","77,192","1,42,22,084.14","1,910"
"BALMLAWRIE","EQ","05-Jan-2026","184.43","184.45","186.76","183.66","184.85","185.18","184.92","1,16,939","2,16,24,071.61","2,232"
"BALMLAWRIE","EQ","02-Jan-2026","184.76","184.00","185.50","182.41","184.85","184.43","184.10","1,34,151","2,46,97,228.92","3,391"
"BALMLAWRIE","EQ","01-Jan-2026","183.46","184.40","187.11","183.58","184.89","184.76","185.76","2,21,239","4,10,96,825.60","3,769"
"BALMLAWRIE","EQ","31-Dec-2025","181.52","181.52","183.99","181.02","183.57","183.46","182.65","77,108","1,40,83,503.04","1,991"
"BALMLAWRIE","EQ","30-Dec-2025","182.09","182.09","183.99","179.59","181.45","181.52","180.77","90,298","1,63,22,970.53","2,265"
"BALMLAWRIE","EQ","29-Dec-2025","184.36","184.00","187.48","181.16","182.33","182.09","184.36","1,69,717","3,12,89,050.15","3,354"
"BALMLAWRIE","EQ","26-Dec-2025","184.04","183.00","186.00","181.35","184.83","184.36","184.26","1,06,192","1,95,67,141.58","2,581"
"BALMLAWRIE","EQ","24-Dec-2025","183.06","185.00","187.80","183.00","183.40","184.04","185.28","2,50,524","4,64,17,356.98","4,490"
"BALMLAWRIE","EQ","23-Dec-2025","179.34","180.04","184.00","179.66","183.00","183.06","182.39","1,61,652","2,94,83,101.02","3,223"
"BALMLAWRIE","EQ","22-Dec-2025","174.32","174.00","183.00","174.00","179.00","179.34","178.20","1,94,103","3,45,89,670.27","3,229"
"BALMLAWRIE","EQ","19-Dec-2025","171.70","171.70","174.84","171.70","174.80","174.32","173.10","1,37,781","2,38,49,307.17","1,664"
"BALMLAWRIE","EQ","18-Dec-2025","173.07","173.07","173.29","170.81","171.64","171.70","171.62","1,85,580","3,18,49,939.53","3,174"
"BALMLAWRIE","EQ","17-Dec-2025","176.18","176.18","177.04","172.10","173.00","173.07","174.12","1,84,233","3,20,78,378.06","3,627"
"BALMLAWRIE","EQ","16-Dec-2025","178.15","178.15","179.10","175.76","176.49","176.18","177.00","84,098","1,48,85,170.98","2,715"
"BALMLAWRIE","EQ","15-Dec-2025","177.81","177.50","181.89","176.11","178.59","178.15","178.56","1,30,848","2,33,64,100.58","3,100"
"BALMLAWRIE","EQ","12-Dec-2025","176.83","177.21","178.35","176.66","177.40","177.81","177.42","48,780","86,54,405.44","1,915"
"BALMLAWRIE","EQ","11-Dec-2025","176.62","177.00","177.10","173.62","177.04","176.83","175.61","83,536","1,46,69,923.06","2,460"
"BALMLAWRIE","EQ","10-Dec-2025","176.16","176.16","181.00","176.00","176.74","176.62","178.37","1,39,865","2,49,47,785.90","3,619"
"BALMLAWRIE","EQ","09-Dec-2025","176.74","176.74","178.19","172.50","176.00","176.16","175.72","2,30,531","4,05,09,523.70","4,986"
"BALMLAWRIE","EQ","08-Dec-2025","181.33","181.00","181.33","175.68","177.10","176.74","177.74","1,31,090","2,33,00,166.66","4,242"
"BALMLAWRIE","EQ","05-Dec-2025","182.62","182.00","182.75","180.00","180.50","181.33","181.53","75,617","1,37,27,114.80","2,815"
"BALMLAWRIE","EQ","04-Dec-2025","181.83","181.00","183.79","181.00","181.96","182.62","182.68","89,691","1,63,84,939.23","2,902"
"BALMLAWRIE","EQ","03-Dec-2025","182.26","182.00","183.00","180.20","181.99","181.83","181.15","79,208","1,43,48,696.71","3,128"
"BALMLAWRIE","EQ","02-Dec-2025","182.99","183.10","183.15","181.35","182.39","182.26","182.32","80,654","1,47,04,950.47","2,763"
"BALMLAWRIE","EQ","01-Dec-2025","185.17","184.31","187.22","182.31","183.40","182.99","183.99","1,51,580","2,78,89,701.55","4,727"
"BALMLAWRIE","EQ","28-Nov-2025","186.36","186.40","186.40","184.10","185.30","185.17","185.29","70,561","1,30,74,521.36","2,175"
"BALMLAWRIE","EQ","27-Nov-2025","186.98","186.98","189.90","185.11","186.43","186.36","187.05","98,980","1,85,13,866.27","2,586"
"BALMLAWRIE","EQ","26-Nov-2025","185.21","185.31","190.17","185.31","187.95","186.98","187.96","1,04,930","1,97,23,004.06","2,442"
"BALMLAWRIE","EQ","25-Nov-2025","186.34","185.00","186.96","182.41","186.55","185.21","184.91","1,59,137","2,94,26,290.66","3,699"
"BALMLAWRIE","EQ","24-Nov-2025","190.19","191.11","191.11","186.00","186.40","186.34","187.69","1,21,025","2,27,15,593.38","3,690"
"BALMLAWRIE","EQ","21-Nov-2025","192.22","192.00","192.14","189.90","190.47","190.19","190.30","76,271","1,45,14,625.98","2,079"
"BALMLAWRIE","EQ","20-Nov-2025","193.20","193.55","194.50","191.90","192.83","192.22","192.68","52,695","1,01,53,237.93","1,468"
"BALMLAWRIE","EQ","19-Nov-2025","195.25","195.00","195.01","192.05","193.50","193.20","193.22","88,111","1,70,25,212.66","2,355"
"BALMLAWRIE","EQ","18-Nov-2025","196.61","196.00","196.40","193.90","195.00","195.25","195.16","1,03,768","2,02,51,617.68","1,980"
"BALMLAWRIE","EQ","17-Nov-2025","191.87","191.00","199.29","191.00","196.05","196.61","196.35","1,68,923","3,31,68,276.56","4,130"
"BALMLAWRIE","EQ","14-Nov-2025","192.53","192.60","192.96","191.01","191.10","191.87","191.96","97,904","1,87,94,090.46","2,078"
"BALMLAWRIE","EQ","13-Nov-2025","193.66","193.79","195.30","192.19","193.00","192.53","193.50","86,296","1,66,97,965.11","2,215"
"BALMLAWRIE","EQ","12-Nov-2025","192.49","192.51","194.90","192.30","194.00","193.66","193.83","80,620","1,56,26,669.43","2,305"
"BALMLAWRIE","EQ","11-Nov-2025","193.06","193.06","193.73","191.26","192.50","192.49","192.24","75,950","1,46,00,382.73","2,292"
"BALMLAWRIE","EQ","10-Nov-2025","194.66","195.05","195.89","192.30","193.15","193.06","193.70","1,01,173","1,95,96,852.86","2,278"
"BALMLAWRIE","EQ","07-Nov-2025","199.20","197.00","198.72","192.21","195.00","194.66","194.24","2,07,958","4,03,93,157.20","4,125"
"BALMLAWRIE","EQ","06-Nov-2025","201.43","202.00","202.14","198.10","198.81","199.20","199.71","97,316","1,94,34,720.92","1,803"
"BALMLAWRIE","EQ","04-Nov-2025","201.59","201.90","202.41","200.90","201.50","201.43","201.43","46,604","93,87,633.81","1,004"
"BALMLAWRIE","EQ","03-Nov-2025","202.13","202.13","203.13","200.51","202.50","201.59","201.80","75,564","1,52,49,023.96","1,918"
"BALMLAWRIE","EQ","31-Oct-2025","202.47","202.13","202.99","201.16","201.34","202.13","202.10","73,810","1,49,16,720.49","1,734"
"BALMLAWRIE","EQ","30-Oct-2025","203.20","203.20","205.44","201.55","202.10","202.47","203.42","1,24,414","2,53,08,743.53","2,371"
"BALMLAWRIE","EQ","29-Oct-2025","199.56","200.90","206.10","198.65","203.00","203.20","203.06","2,93,794","5,96,58,995.00","4,723"
"BALMLAWRIE","EQ","28-Oct-2025","199.13","199.13","200.54","198.60","199.60","199.56","199.43","81,023","1,61,58,310.42","2,876"
"BALMLAWRIE","EQ","27-Oct-2025","199.45","199.55","200.00","198.03","199.80","199.13","199.12","87,395","1,74,01,915.43","3,440"
"BALMLAWRIE","EQ","24-Oct-2025","200.28","201.20","201.20","199.00","199.90","199.45","199.87","87,994","1,75,87,433.04","3,235"
"BALMLAWRIE","EQ","23-Oct-2025","200.71","201.30","202.90","199.95","200.00","200.28","201.13","1,50,317","3,02,33,208.83","5,334"
"BALMLAWRIE","EQ","21-Oct-2025","199.42","198.75","201.90","198.75","201.20","200.71","200.61","59,278","1,18,91,763.48","2,635"
"BALMLAWRIE","EQ","20-Oct-2025","200.52","201.02","201.89","198.01","199.59","199.42","199.04","1,76,475","3,51,24,946.81","5,342"
"BALMLAWRIE","EQ","17-Oct-2025","201.96","202.30","202.70","199.21","201.02","200.52","200.47","1,80,272","3,61,38,551.03","4,093"
"BALMLAWRIE","EQ","16-Oct-2025","198.92","199.75","203.42","199.63","201.50","201.96","201.51","1,59,399","3,21,21,136.95","5,903"
"BALMLAWRIE","EQ","15-Oct-2025","201.67","204.00","204.00","198.00","199.49","198.92","199.75","3,41,870","6,82,89,459.83","8,425"
"BALMLAWRIE","EQ","14-Oct-2025","200.72","202.98","203.50","201.10","201.70","201.67","202.04","1,47,455","2,97,91,083.97","4,631"
"BALMLAWRIE","EQ","13-Oct-2025","205.92","205.75","206.20","199.97","201.59","200.72","202.19","2,58,225","5,22,10,686.37","7,935"
"BALMLAWRIE","EQ","10-Oct-2025","205.87","206.00","207.70","205.62","205.80","205.92","206.43","71,813","1,48,24,306.77","2,753"
"BALMLAWRIE","EQ","09-Oct-2025","206.49","206.06","208.23","205.10","205.70","205.87","206.56","1,24,138","2,56,41,495.18","5,014"
"BALMLAWRIE","EQ","08-Oct-2025","207.28","207.00","208.48","205.89","206.02","206.49","207.06","1,05,680","2,18,82,483.29","3,359"
"BALMLAWRIE","EQ","07-Oct-2025","206.73","206.73","208.42","206.08","207.70","207.28","207.12","1,30,631","2,70,56,755.18","4,206"
"BALMLAWRIE","EQ","06-Oct-2025","210.54","210.20","211.59","206.01","206.70","206.73","208.25","1,66,711","3,47,17,834.19","5,658"
"BALMLAWRIE","EQ","03-Oct-2025","210.30","210.30","212.30","209.40","209.40","210.54","210.65","1,69,010","3,56,01,430.13","5,322"
"BALMLAWRIE","EQ","01-Oct-2025","210.62","210.85","212.70","209.90","211.00","210.30","210.79","1,59,525","3,36,26,924.48","5,620"
"BALMLAWRIE","EQ","30-Sep-2025","210.83","210.99","212.76","208.85","211.01","210.62","210.66","1,79,928","3,79,04,083.03","4,837"
"BALMLAWRIE","EQ","29-Sep-2025","203.80","202.58","212.40","202.58","212.10","210.83","208.61","3,35,897","7,00,70,291.14","10,660"
"BALMLAWRIE","EQ","26-Sep-2025","210.26","209.99","210.25","203.00","203.50","203.80","205.56","2,59,801","5,34,05,195.70","9,060"
"BALMLAWRIE","EQ","25-Sep-2025","211.89","211.89","212.39","210.00","210.00","210.26","210.74","1,33,054","2,80,39,631.93","3,451"
"BALMLAWRIE","EQ","24-Sep-2025","211.15","211.00","212.40","209.58","212.15","211.89","211.15","2,05,959","4,34,88,793.08","3,875"
"BALMLAWRIE","EQ","23-Sep-2025","214.75","215.00","215.28","210.60","212.05","211.15","212.30","2,68,332","5,69,65,624.11","6,698"
"BALMLAWRIE","EQ","22-Sep-2025","216.26","216.26","218.60","214.36","214.50","214.75","216.14","2,39,129","5,16,85,950.08","5,520"
"BALMLAWRIE","EQ","19-Sep-2025","214.91","214.02","216.95","213.60","216.95","216.26","215.62","2,20,378","4,75,17,085.96","4,169"
"BALMLAWRIE","EQ","18-Sep-2025","220.01","219.01","220.71","213.10","215.57","214.91","216.84","4,26,992","9,25,87,035.58","7,942"
"BALMLAWRIE","EQ","17-Sep-2025","223.83","223.00","223.79","219.11","219.80","220.01","220.74","4,97,698","10,98,60,360.98","9,134"
"BALMLAWRIE","EQ","16-Sep-2025","235.70","225.50","226.87","221.60","223.89","223.83","223.74","7,93,351","17,75,06,140.15","12,253"
"BALMLAWRIE","EQ","15-Sep-2025","231.48","233.48","238.20","232.32","235.50","235.70","235.14","16,68,293","39,22,89,018.16","19,300"
"BALMLAWRIE","EQ","12-Sep-2025","230.46","231.01","233.30","230.46","231.40","231.48","231.35","5,14,818","11,91,03,533.41","6,847"
"BALMLAWRIE","EQ","11-Sep-2025","229.53","231.00","234.00","230.00","231.15","230.46","231.23","6,83,640","15,80,81,314.53","11,184"
"BALMLAWRIE","EQ","10-Sep-2025","230.52","231.20","232.74","229.12","229.59","229.53","230.42","3,26,893","7,53,21,397.82","4,448"
"BALMLAWRIE","EQ","09-Sep-2025","229.29","231.60","233.00","229.31","230.80","230.52","230.88","3,32,059","7,66,67,210.85","5,957"
"BALMLAWRIE","EQ","08-Sep-2025","227.01","228.00","232.40","227.50","230.35","229.29","229.90","2,70,120","6,21,01,569.54","8,647"
"BALMLAWRIE","EQ","05-Sep-2025","228.93","229.53","231.09","226.44","228.40","227.01","227.81","3,22,862","7,35,50,669.29","7,838"
"BALMLAWRIE","EQ","04-Sep-2025","231.91","232.80","234.66","228.00","229.52","228.93","230.53","4,46,525","10,29,36,364.53","11,482"
"BALMLAWRIE","EQ","03-Sep-2025","232.81","233.40","236.00","231.12","232.49","231.91","232.99","7,11,019","16,56,59,193.68","17,109"
"BALMLAWRIE","EQ","02-Sep-2025","219.92","222.00","235.79","220.50","233.51","232.81","231.42","20,89,872","48,36,35,336.01","36,574"
"BALMLAWRIE","EQ","01-Sep-2025","218.07","219.12","221.00","218.07","219.99","219.92","219.92","2,65,552","5,84,01,493.67","5,781"
"BALMLAWRIE","EQ","29-Aug-2025","217.35","217.50","219.60","216.26","217.78","218.07","218.19","1,83,336","4,00,02,561.04","4,196"
"BALMLAWRIE","EQ","28-Aug-2025","218.60","220.99","220.99","215.00","217.00","217.35","217.46","2,49,693","5,42,97,688.80","6,105"
"BALMLAWRIE","EQ","26-Aug-2025","222.57","222.00","222.38","218.05","218.99","218.60","219.61","1,96,203","4,30,88,930.11","4,934"
"BALMLAWRIE","EQ","25-Aug-2025","224.11","224.11","225.90","222.25","222.50","222.57","223.21","2,00,344","4,47,19,252.70","3,956"
"BALMLAWRIE","EQ","22-Aug-2025","226.92","226.92","228.14","223.30","224.44","224.11","224.91","2,90,134","6,52,55,389.39","6,967"
"BALMLAWRIE","EQ","21-Aug-2025","218.96","220.50","230.75","220.20","227.00","226.92","226.80","11,56,883","26,23,79,321.15","18,940"
"BALMLAWRIE","EQ","20-Aug-2025","218.92","219.00","219.68","218.01","218.75","218.96","218.92","1,11,971","2,45,12,890.07","3,181"
"BALMLAWRIE","EQ","19-Aug-2025","214.93","215.00","221.31","214.40","219.00","218.92","219.05","4,31,128","9,44,37,564.68","9,123"
"BALMLAWRIE","EQ","18-Aug-2025","213.58","215.00","216.94","214.50","215.00","214.93","215.30","1,68,719","3,63,24,531.92","5,293"
"BALMLAWRIE","EQ","14-Aug-2025","212.88","213.50","218.19","211.80","213.40","213.58","213.97","2,31,758","4,95,88,988.74","4,529"
"BALMLAWRIE","EQ","13-Aug-2025","213.30","213.45","214.79","212.75","213.27","212.88","213.29","1,28,496","2,74,06,349.46","2,837"
"BALMLAWRIE","EQ","12-Aug-2025","211.13","211.13","214.29","211.13","213.00","213.30","213.14","1,13,259","2,41,39,853.75","3,245"
"BALMLAWRIE","EQ","11-Aug-2025","207.72","208.50","211.95","207.00","211.90","211.13","210.16","1,17,396","2,46,71,490.36","4,677"
"BALMLAWRIE","EQ","08-Aug-2025","208.14","209.00","211.31","207.00","207.33","207.72","208.71","1,12,439","2,34,67,703.37","5,662"
"BALMLAWRIE","EQ","07-Aug-2025","209.99","209.10","210.40","205.50","208.50","208.14","207.84","2,19,401","4,56,00,828.00","8,125"
"BALMLAWRIE","EQ","06-Aug-2025","212.11","212.12","213.25","208.80","209.10","209.99","210.59","1,00,669","2,11,99,642.62","3,462"
"BALMLAWRIE","EQ","05-Aug-2025","212.31","211.52","213.40","211.00","212.23","212.11","211.82","63,572","1,34,65,583.28","2,733"
"BALMLAWRIE","EQ","04-Aug-2025","208.15","208.25","215.04","207.33","211.80","212.31","211.93","2,24,128","4,74,99,235.04","7,148"
"BALMLAWRIE","EQ","01-Aug-2025","210.36","209.06","212.59","207.83","208.22","208.15","210.01","1,60,487","3,37,04,058.72","4,847"
"BALMLAWRIE","EQ","31-Jul-2025","213.37","209.00","213.09","209.00","210.20","210.36","211.20","1,27,262","2,68,78,022.65","4,250"
"BALMLAWRIE","EQ","30-Jul-2025","214.69","214.20","215.91","213.00","213.36","213.37","213.95","1,00,793","2,15,64,717.26","3,273"
"BALMLAWRIE","EQ","29-Jul-2025","211.13","211.00","215.50","210.11","215.00","214.69","212.51","1,35,369","2,87,67,198.04","4,212"
"BALMLAWRIE","EQ","28-Jul-2025","215.90","214.55","218.79","210.51","211.00","211.13","214.16","1,80,130","3,85,76,646.77","5,693"
"BALMLAWRIE","EQ","25-Jul-2025","220.95","219.50","221.00","215.40","216.10","215.90","217.22","1,86,780","4,05,72,918.33","4,902"
"BALMLAWRIE","EQ","24-Jul-2025","220.18","220.00","222.00","219.21","220.51","220.95","220.86","1,90,838","4,21,48,241.81","4,778"
"BALMLAWRIE","EQ","23-Jul-2025","224.16","224.16","226.79","219.50","220.58","220.18","222.07","2,95,498","6,56,20,325.64","6,203"
"BALMLAWRIE","EQ","22-Jul-2025","221.27","221.90","225.00","220.60","224.06","224.16","223.20","4,65,661","10,39,36,924.43","7,866"
"BALMLAWRIE","EQ","21-Jul-2025","219.91","221.00","222.87","220.00","221.20","221.27","221.37","4,32,468","9,57,33,349.76","6,598"
"BALMLAWRIE","EQ","18-Jul-2025","215.39","215.40","221.55","214.00","220.09","219.91","218.66","4,85,629","10,61,88,891.60","7,848"
"BALMLAWRIE","EQ","17-Jul-2025","215.75","216.20","218.40","215.10","215.25","215.39","216.45","1,29,450","2,80,20,031.72","3,499"
"BALMLAWRIE","EQ","16-Jul-2025","216.96","216.96","218.45","215.10","215.95","215.75","216.88","6,92,481","15,01,82,929.58","8,219"
"BALMLAWRIE","EQ","15-Jul-2025","214.62","213.55","220.00","213.55","218.48","216.96","216.56","2,12,030","4,59,17,387.16","4,849"
"BALMLAWRIE","EQ","14-Jul-2025","216.10","215.50","215.80","213.20","214.50","214.62","214.48","1,08,449","2,32,60,060.01","3,380"
"BALMLAWRIE","EQ","11-Jul-2025","218.65","218.40","218.49","214.81","215.65","216.10","216.22","1,41,735","3,06,45,926.15","4,631"
"BALMLAWRIE","EQ","10-Jul-2025","217.95","219.04","220.50","217.62","218.50","218.65","219.11","2,87,637","6,30,23,374.16","6,564"
"BALMLAWRIE","EQ","09-Jul-2025","214.20","215.40","219.85","213.78","217.91","217.95","217.44","4,29,265","9,33,40,312.72","7,851"
"BALMLAWRIE","EQ","08-Jul-2025","212.73","212.50","216.89","211.10","214.30","214.20","213.09","1,76,269","3,75,60,482.77","3,885"
"BALMLAWRIE","EQ","07-Jul-2025","214.78","214.65","215.36","212.04","212.50","212.73","213.37","1,43,587","3,06,37,121.18","3,798"
"BALMLAWRIE","EQ","04-Jul-2025","214.67","215.00","220.95","214.05","215.70","214.78","217.63","4,68,370","10,19,32,123.23","9,800"
"BALMLAWRIE","EQ","03-Jul-2025","213.63","214.65","215.93","213.77","215.00","214.67","214.82","1,41,681","3,04,35,536.27","3,935"
"BALMLAWRIE","EQ","02-Jul-2025","212.93","214.00","214.89","212.10","213.46","213.63","213.22","1,15,127","2,45,47,178.96","2,928"
"BALMLAWRIE","EQ","01-Jul-2025","214.04","214.04","215.98","212.10","213.14","212.93","213.47","1,27,510","2,72,19,027.30","4,478"
"BALMLAWRIE","EQ","30-Jun-2025","213.90","214.50","214.90","212.50","214.48","214.04","213.74","1,38,068","2,95,10,617.73","4,114"
"BALMLAWRIE","EQ","27-Jun-2025","211.02","212.40","215.90","211.49","214.38","213.90","213.95","3,27,743","7,01,19,213.01","7,259"
"BALMLAWRIE","EQ","26-Jun-2025","212.63","213.00","214.01","209.98","211.90","211.02","211.36","1,56,920","3,31,66,043.19","3,518"
"BALMLAWRIE","EQ","25-Jun-2025","207.95","208.60","213.48","208.60","212.99","212.63","212.14","2,29,421","4,86,70,012.97","7,764"
"BALMLAWRIE","EQ","24-Jun-2025","205.54","206.60","209.00","206.00","209.00","207.95","207.58","1,69,580","3,52,01,981.35","4,015"
"BALMLAWRIE","EQ","23-Jun-2025","203.26","204.50","206.00","201.31","206.00","205.54","203.84","1,58,758","3,23,60,444.43","5,315"
"BALMLAWRIE","EQ","20-Jun-2025","203.50","203.51","205.50","201.70","203.99","203.26","203.66","1,42,375","2,89,95,512.26","4,193"
"BALMLAWRIE","EQ","19-Jun-2025","206.24","206.24","207.70","202.53","203.47","203.50","204.66","1,84,474","3,77,53,847.75","5,959"
"BALMLAWRIE","EQ","18-Jun-2025","209.28","209.01","210.26","205.62","206.00","206.24","207.58","1,74,076","3,61,34,305.51","5,272"
"BALMLAWRIE","EQ","17-Jun-2025","212.44","212.30","214.00","209.00","209.01","209.28","210.85","1,99,580","4,20,81,047.39","4,475"
"BALMLAWRIE","EQ","16-Jun-2025","213.09","212.00","215.00","208.35","212.00","212.44","211.23","2,27,676","4,80,91,351.88","6,169"
"BALMLAWRIE","EQ","13-Jun-2025","214.30","213.00","214.92","210.30","213.22","213.09","212.46","2,07,601","4,41,07,657.07","6,532"
"BALMLAWRIE","EQ","12-Jun-2025","218.95","220.00","222.60","213.10","214.26","214.30","218.02","3,56,082","7,76,31,288.54","10,900"
"BALMLAWRIE","EQ","11-Jun-2025","216.12","216.50","222.90","215.71","219.00","218.95","219.61","4,97,789","10,93,21,840.80","9,256"
"BALMLAWRIE","EQ","10-Jun-2025","216.81","217.69","219.00","214.24","216.50","216.12","216.36","2,69,650","5,83,40,360.41","5,536"
"BALMLAWRIE","EQ","09-Jun-2025","213.69","213.90","217.99","213.90","217.13","216.81","216.63","2,24,011","4,85,27,705.59","5,381"
"BALMLAWRIE","EQ","06-Jun-2025","214.03","214.02","214.90","212.61","214.00","213.69","213.82","1,55,381","3,32,23,339.06","4,280"
"BALMLAWRIE","EQ","05-Jun-2025","213.26","214.90","216.68","213.01","213.70","214.03","214.55","3,29,068","7,06,02,261.61","6,292"
"BALMLAWRIE","EQ","04-Jun-2025","210.63","211.44","213.74","210.24","213.63","213.26","212.36","1,77,454","3,76,84,535.86","4,255"
"BALMLAWRIE","EQ","03-Jun-2025","211.07","212.35","213.85","210.21","211.00","210.63","212.10","1,78,821","3,79,27,480.03","3,452"
"BALMLAWRIE","EQ","02-Jun-2025","212.42","212.00","213.00","210.38","211.10","211.07","211.40","1,86,002","3,93,21,276.50","4,122"
"BALMLAWRIE","EQ","30-May-2025","212.50","211.50","214.11","211.50","212.85","212.42","212.70","1,67,577","3,56,43,141.44","3,868"
"BALMLAWRIE","EQ","29-May-2025","212.14","212.50","214.00","211.75","212.65","212.50","212.35","1,26,661","2,68,96,613.75","4,082"
"BALMLAWRIE","EQ","28-May-2025","212.87","213.00","214.25","211.80","212.20","212.14","212.85","1,52,748","3,25,12,539.01","4,110"
"BALMLAWRIE","EQ","27-May-2025","213.44","213.80","214.29","212.10","213.50","212.87","213.05","1,15,323","2,45,69,347.20","2,846"
"BALMLAWRIE","EQ","26-May-2025","211.84","212.35","214.64","212.35","213.89","213.44","213.51","1,70,907","3,64,90,917.36","3,997"
"BALMLAWRIE","EQ","23-May-2025","212.85","214.80","214.80","210.85","211.80","211.84","212.00","2,31,622","4,91,03,842.84","5,335"
"BALMLAWRIE","EQ","22-May-2025","215.36","213.00","216.37","211.21","212.95","212.85","213.07","2,88,717","6,15,15,498.88","8,365"
"BALMLAWRIE","EQ","21-May-2025","211.91","210.25","216.62","210.25","214.90","215.36","213.31","3,53,339","7,53,69,938.87","6,720"
"BALMLAWRIE","EQ","20-May-2025","217.26","218.10","218.64","210.10","211.50","211.91","213.92","3,68,158","7,87,54,726.72","6,584"
"BALMLAWRIE","EQ","19-May-2025","215.87","217.10","218.48","215.61","217.49","217.26","216.94","3,63,637","7,88,86,601.47","7,659"
"BALMLAWRIE","EQ","16-May-2025","226.78","216.00","218.45","212.11","216.00","215.87","215.68","11,98,118","25,84,10,246.82","19,423"
"BALMLAWRIE","EQ","15-May-2025","219.72","225.00","228.35","223.70","226.39","226.78","226.10","8,18,615","18,50,89,895.19","13,921"
"BALMLAWRIE","EQ","14-May-2025","215.31","217.00","222.19","216.50","219.36","219.72","219.56","4,72,078","10,36,48,752.95","10,741"
"BALMLAWRIE","EQ","13-May-2025","211.64","211.50","216.00","209.99","215.80","215.31","213.92","3,95,336","8,45,70,765.54","8,736"
"BALMLAWRIE","EQ","12-May-2025","202.35","206.69","212.00","206.69","211.65","211.64","209.86","3,99,745","8,38,90,879.83","8,880"
"BALMLAWRIE","EQ","09-May-2025","198.99","192.10","203.40","192.10","202.75","202.35","198.59","3,14,582","6,24,74,226.08","10,751"
"BALMLAWRIE","EQ","08-May-2025","202.81","204.00","205.40","196.90","197.45","198.99","201.86","2,79,447","5,64,08,756.06","8,587"
"BALMLAWRIE","EQ","07-May-2025","201.10","196.81","204.28","196.81","203.50","202.81","202.02","3,26,440","6,59,46,235.06","9,689"
"BALMLAWRIE","EQ","06-May-2025","207.76","207.80","209.19","200.10","201.50","201.10","204.08","3,21,436","6,55,99,936.66","8,528"
"BALMLAWRIE","EQ","05-May-2025","204.29","205.00","209.99","204.50","207.90","207.76","207.55","3,68,422","7,64,64,732.71","11,085"
"BALMLAWRIE","EQ","02-May-2025","200.04","201.00","207.73","199.83","205.00","204.29","204.54","9,20,639","18,83,03,831.53","19,672"
"BALMLAWRIE","EQ","30-Apr-2025","199.97","201.00","212.00","195.19","197.82","200.04","203.43","14,51,081","29,51,96,759.56","30,453"
"BALMLAWRIE","EQ","29-Apr-2025","190.41","193.60","205.80","193.60","200.75","199.97","201.02","13,61,754","27,37,33,081.56","31,685"